"X_Value","Dev1.ai3","Dev1.ai0"
488.74,127.629077031065,9.22445052361724
488.742,127.629077031065,3.68992471403723
488.744,121.083552456805,-1.84532361849443
488.746,125.992856112815,3.68992471403723
488.748,129.265297949315,7.37984942807445
488.75,125.992856112815,3.68992471403723
488.752,122.720414276315,3.68992471403723
488.754,129.265297949315,7.37984942807445
488.756,127.629077031065,3.68992471403723
488.758,122.720414276315,-1.84532361849443
488.76,125.992856112815,7.37984942807445
488.762,125.992856112815,5.53452580958002
488.764,124.356635194565,-1.84532361849443
488.766,125.992856112815,3.68992471403723
488.768,129.265297949315,7.37984942807445
488.77,121.083552456805,-1.84532361849443
488.772,125.992856112815,3.68992471403723
488.774,129.265297949315,5.53452580958002
488.776,125.992856112815,1.84460109554279
488.778,125.992856112815,-3.68992471403723
488.78,125.992856112815,0
488.782,125.992856112815,1.84460109554279
488.784,129.265297949315,-1.84532361849443
488.786,127.629077031065,-5.53524833253166
488.788,122.720414276315,-9.22517304656889
488.79,121.083552456805,-3.68992471403723
488.792,127.629077031065,0
488.794,127.629077031065,-5.53524833253166
488.796,122.720414276315,-9.22517304656889
488.798,129.265297949315,-1.84532361849443
488.8,132.537739785815,1.84460109554279
488.802,132.537739785815,-1.84532361849443
488.804,129.265297949315,-1.84532361849443
488.806,125.992856112815,-1.84532361849443
488.808,129.265297949315,0
488.81,132.537739785815,3.68992471403723
488.812,127.629077031065,0
488.814,127.629077031065,-5.53524833253166
488.816,125.992856112815,0
488.818,125.992856112815,5.53452580958002
488.82,129.265297949315,1.84460109554279
488.822,122.720414276315,-3.68992471403723
488.824,122.720414276315,1.84460109554279
488.826,129.265297949315,5.53452580958002
488.828,125.992856112815,0
488.83,125.992856112815,-1.84532361849443
488.832,122.720414276315,1.84460109554279
488.834,127.629077031065,3.68992471403723
488.836,127.629077031065,3.68992471403723
488.838,124.356635194565,0
488.84,129.265297949315,3.68992471403723
488.842,129.265297949315,9.22445052361724
488.844,129.265297949315,9.22445052361724
488.846,130.901518867565,0
488.848,127.629077031065,0
488.85,129.265297949315,5.53452580958002
488.852,134.173960704066,9.22445052361724
488.854,130.901518867565,0
488.856,127.629077031065,1.84460109554279
488.858,130.901518867565,7.37984942807445
488.86,134.173960704066,5.53452580958002
488.862,127.629077031065,3.68992471403723
488.864,125.992856112815,9.22445052361724
488.866,135.810181622316,14.7596988561489
488.868,135.810181622316,9.22445052361724
488.87,127.629077031065,5.53452580958002
488.872,127.629077031065,9.22445052361724
488.874,135.810181622316,14.7596988561489
488.876,135.810181622316,11.0697741421117
488.878,132.537739785815,11.0697741421117
488.88,127.629077031065,5.53452580958002
488.882,130.901518867565,11.0697741421117
488.884,134.173960704066,9.22445052361724
488.886,130.901518867565,11.0697741421117
488.888,127.629077031065,12.9143752376545
488.89,129.265297949315,18.4489010472345
488.892,134.173960704066,14.7596988561489
488.894,129.265297949315,16.6042999516917
488.896,125.992856112815,11.0697741421117
488.898,127.629077031065,22.1388257612717
488.9,130.901518867565,16.6042999516917
488.902,127.629077031065,11.0697741421117
488.904,127.629077031065,16.6042999516917
488.906,130.901518867565,20.2942246657289
488.908,125.992856112815,11.0697741421117
488.91,122.720414276315,12.9143752376545
488.912,125.992856112815,16.6042999516917
488.914,125.992856112815,18.4489010472345
488.916,130.901518867565,18.4489010472345
488.918,129.265297949315,14.7596988561489
488.92,124.356635194565,11.0697741421117
488.922,125.992856112815,14.7596988561489
488.924,132.537739785815,18.4489010472345
488.926,132.537739785815,14.7596988561489
488.928,124.356635194565,9.22445052361724
488.93,125.992856112815,14.7596988561489
488.932,127.629077031065,14.7596988561489
488.934,132.537739785815,20.2942246657289
488.936,129.265297949315,11.0697741421117
488.938,124.356635194565,12.9143752376545
488.94,127.629077031065,20.2942246657289
488.942,132.537739785815,14.7596988561489
488.944,129.265297949315,14.7596988561489
488.946,125.992856112815,12.9143752376545
488.948,129.265297949315,12.9143752376545
488.95,132.537739785815,18.4489010472345
488.952,127.629077031065,12.9143752376545
488.954,130.901518867565,11.0697741421117
488.956,125.992856112815,7.37984942807445
488.958,130.901518867565,14.7596988561489
488.96,135.810181622316,16.6042999516917
488.962,130.901518867565,7.37984942807445
488.964,130.901518867565,12.9143752376545
488.966,137.446402540566,18.4489010472345
488.968,134.173960704066,14.7596988561489
488.97,130.901518867565,14.7596988561489
488.972,139.082623458816,14.7596988561489
488.974,139.082623458816,16.6042999516917
488.976,132.537739785815,12.9143752376545
488.978,132.537739785815,16.6042999516917
488.98,140.718844377066,22.1388257612717
488.982,135.810181622316,18.4489010472345
488.984,130.901518867565,14.7596988561489
488.986,134.173960704066,22.1388257612717
488.988,137.446402540566,22.1388257612717
488.99,132.537739785815,14.7596988561489
488.992,130.901518867565,12.9143752376545
488.994,132.537739785815,22.1388257612717
488.996,135.810181622316,20.2942246657289
488.998,130.901518867565,18.4489010472345
489,125.992856112815,12.9143752376545
489.002,125.992856112815,18.4489010472345
489.004,132.537739785815,20.2942246657289
489.006,132.537739785815,18.4489010472345
489.008,129.265297949315,11.0697741421117
489.01,122.720414276315,11.0697741421117
489.012,127.629077031065,22.1388257612717
489.014,130.901518867565,20.2942246657289
489.016,127.629077031065,16.6042999516917
489.018,124.356635194565,12.9143752376545
489.02,127.629077031065,18.4489010472345
489.022,130.901518867565,22.1388257612717
489.024,130.901518867565,18.4489010472345
489.026,122.720414276315,12.9143752376545
489.028,121.083552456805,16.6042999516917
489.03,125.992856112815,16.6042999516917
489.032,127.629077031065,18.4489010472345
489.034,124.356635194565,11.0697741421117
489.036,117.811110620305,14.7596988561489
489.038,127.629077031065,20.2942246657289
489.04,127.629077031065,14.7596988561489
489.042,119.447331538555,9.22445052361724
489.044,121.083552456805,11.0697741421117
489.046,124.356635194565,16.6042999516917
489.048,125.992856112815,20.2942246657289
489.05,129.265297949315,20.2942246657289
489.052,127.629077031065,16.6042999516917
489.054,122.720414276315,16.6042999516917
489.056,119.447331538555,16.6042999516917
489.058,122.720414276315,20.2942246657289
489.06,127.629077031065,20.2942246657289
489.062,124.356635194565,14.7596988561489
489.064,119.447331538555,12.9143752376545
489.066,124.356635194565,16.6042999516917
489.068,129.265297949315,22.1388257612717
489.07,125.992856112815,18.4489010472345
489.072,122.720414276315,12.9143752376545
489.074,127.629077031065,18.4489010472345
489.076,125.992856112815,22.1388257612717
489.078,130.901518867565,22.1388257612717
489.08,127.629077031065,14.7596988561489
489.082,122.720414276315,14.7596988561489
489.084,127.629077031065,18.4489010472345
489.086,130.901518867565,23.9841493797661
489.088,127.629077031065,20.2942246657289
489.09,122.720414276315,20.2942246657289
489.092,122.720414276315,14.7596988561489
489.094,124.356635194565,20.2942246657289
489.096,125.992856112815,18.4489010472345
489.098,132.537739785815,16.6042999516917
489.1,127.629077031065,16.6042999516917
489.102,122.720414276315,11.0697741421117
489.104,122.720414276315,14.7596988561489
489.106,130.901518867565,12.9143752376545
489.108,129.265297949315,12.9143752376545
489.11,125.992856112815,9.22445052361724
489.112,127.629077031065,3.68992471403723
489.114,125.992856112815,11.0697741421117
489.116,125.992856112815,14.7596988561489
489.118,130.901518867565,14.7596988561489
489.12,127.629077031065,12.9143752376545
489.122,127.629077031065,7.37984942807445
489.124,127.629077031065,12.9143752376545
489.126,129.265297949315,16.6042999516917
489.128,132.537739785815,18.4489010472345
489.13,134.173960704066,14.7596988561489
489.132,130.901518867565,9.22445052361724
489.134,127.629077031065,11.0697741421117
489.136,125.992856112815,14.7596988561489
489.138,129.265297949315,20.2942246657289
489.14,134.173960704066,20.2942246657289
489.142,134.173960704066,12.9143752376545
489.144,125.992856112815,7.37984942807445
489.146,130.901518867565,14.7596988561489
489.148,129.265297949315,14.7596988561489
489.15,129.265297949315,14.7596988561489
489.152,129.265297949315,7.37984942807445
489.154,124.356635194565,3.68992471403723
489.156,127.629077031065,14.7596988561489
489.158,132.537739785815,9.22445052361724
489.16,129.265297949315,5.53452580958002
489.162,127.629077031065,9.22445052361724
489.164,125.992856112815,14.7596988561489
489.166,127.629077031065,12.9143752376545
489.168,121.083552456805,7.37984942807445
489.17,125.992856112815,18.4489010472345
489.172,130.901518867565,16.6042999516917
489.174,125.992856112815,12.9143752376545
489.176,127.629077031065,7.37984942807445
489.178,122.720414276315,11.0697741421117
489.18,129.265297949315,12.9143752376545
489.182,134.173960704066,14.7596988561489
489.184,134.173960704066,9.22445052361724
489.186,130.901518867565,9.22445052361724
489.188,129.265297949315,5.53452580958002
489.19,134.173960704066,9.22445052361724
489.192,135.810181622316,14.7596988561489
489.194,139.082623458816,11.0697741421117
489.196,132.537739785815,9.22445052361724
489.198,132.537739785815,12.9143752376545
489.2,137.446402540566,12.9143752376545
489.202,139.082623458816,14.7596988561489
489.204,135.810181622316,16.6042999516917
489.206,134.173960704066,7.37984942807445
489.208,129.265297949315,5.53452580958002
489.21,134.173960704066,9.22445052361724
489.212,137.446402540566,11.0697741421117
489.214,135.810181622316,5.53452580958002
489.216,125.992856112815,3.68992471403723
489.218,124.356635194565,-1.84532361849443
489.22,125.992856112815,3.68992471403723
489.222,125.992856112815,7.37984942807445
489.224,117.811110620305,1.84460109554279
489.226,114.538668783805,-1.84532361849443
489.228,107.993785110805,-1.84532361849443
489.23,103.085122356054,3.68992471403723
489.232,103.085122356054,7.37984942807445
489.234,91.6309350270437,3.68992471403723
489.236,85.0860513540436,-1.84532361849443
489.238,80.1773885992935,-1.84532361849443
489.24,73.6318640250328,1.84460109554279
489.242,71.9956431067828,1.84460109554279
489.244,65.4507594337827,7.37984942807445
489.246,55.632793023022,3.68992471403723
489.248,49.0879093500219,-1.84532361849443
489.25,39.2705838405217,-1.84532361849443
489.252,31.088838348011,1.84460109554279
489.254,29.452617429761,3.68992471403723
489.256,27.816396511511,7.37984942807445
489.258,17.9990710020108,1.84460109554279
489.26,13.0897673460002,1.84460109554279
489.262,8.18110459125014,-3.68992471403723
489.264,3.27244183650005,-3.68992471403723
489.266,0,5.53452580958002
489.268,1.63622091825004,5.53452580958002
489.27,0,0
489.272,-6.5448836730001,-5.53524833253166
489.274,-13.0904082472608,-3.68992471403723
489.276,-8.1817454925107,0
489.278,-4.90866275475006,1.84460109554279
489.28,-9.81796641076071,-1.84532361849443
489.282,-8.1817454925107,-9.22517304656889
489.284,-14.7266291655108,-9.22517304656889
489.286,-9.81796641076071,0
489.288,-6.5448836730001,-5.53524833253166
489.29,-8.1817454925107,-5.53524833253166
489.292,-11.4541873290107,-11.0697741421117
489.294,-6.5448836730001,-3.68992471403723
489.296,-4.90866275475006,1.84460109554279
489.298,-6.5448836730001,1.84460109554279
489.3,-6.5448836730001,-5.53524833253166
489.302,-8.1817454925107,-7.37984942807445
489.304,-4.90866275475006,0
489.306,-1.63622091825001,3.68992471403723
489.308,-6.5448836730001,0
489.31,-6.5448836730001,-5.53524833253166
489.312,-9.81796641076071,-3.68992471403723
489.314,-4.90866275475006,-3.68992471403723
489.316,-3.27244183650005,0
489.318,-4.90866275475006,-3.68992471403723
489.32,-11.4541873290107,-3.68992471403723
489.322,-6.5448836730001,-5.53524833253166
489.324,-3.27244183650005,0
489.326,-3.27244183650005,0
489.328,-8.1817454925107,-5.53524833253166
489.33,-9.81796641076071,-7.37984942807445
489.332,-11.4541873290107,-3.68992471403723
489.334,-3.27244183650005,0
489.336,-1.63622091825001,-3.68992471403723
489.338,-8.1817454925107,-5.53524833253166
489.34,-9.81796641076071,-5.53524833253166
489.342,-3.27244183650005,-7.37984942807445
489.344,-1.63622091825001,-5.53524833253166
489.346,-9.81796641076071,-7.37984942807445
489.348,-9.81796641076071,-5.53524833253166
489.35,-6.5448836730001,-5.53524833253166
489.352,-4.90866275475006,-1.84532361849443
489.354,-3.27244183650005,0
489.356,-6.5448836730001,-5.53524833253166
489.358,-9.81796641076071,-5.53524833253166
489.36,-6.5448836730001,-3.68992471403723
489.362,-8.1817454925107,0
489.364,-1.63622091825001,1.84460109554279
489.366,-1.63622091825001,-1.84532361849443
489.368,-9.81796641076071,-7.37984942807445
489.37,-8.1817454925107,-5.53524833253166
489.372,-8.1817454925107,0
489.374,-3.27244183650005,3.68992471403723
489.376,1.63622091825004,3.68992471403723
489.378,3.27244183650005,0
489.38,-4.90866275475006,-3.68992471403723
489.382,-1.63622091825001,-3.68992471403723
489.384,-1.63622091825001,7.37984942807445
489.386,-1.63622091825001,0
489.388,-1.63622091825001,7.37984942807445
489.39,-3.27244183650005,1.84460109554279
489.392,-8.1817454925107,-1.84532361849443
489.394,-4.90866275475006,-1.84532361849443
489.396,-3.27244183650005,3.68992471403723
489.398,-3.27244183650005,5.53452580958002
489.4,0,3.68992471403723
489.402,1.63622091825004,0
489.404,-3.27244183650005,-3.68992471403723
489.406,-4.90866275475006,-1.84532361849443
489.408,-3.27244183650005,-7.37984942807445
489.41,-3.27244183650005,-1.84532361849443
489.412,0,1.84460109554279
489.414,1.63622091825004,1.84460109554279
489.416,1.63622091825004,-7.37984942807445
489.418,-3.27244183650005,-5.53524833253166
489.42,-1.63622091825001,-5.53524833253166
489.422,8.18110459125014,0
489.424,8.18110459125014,-3.68992471403723
489.426,3.27244183650005,-5.53524833253166
489.428,1.63622091825004,-3.68992471403723
489.43,9.81732550950015,-5.53524833253166
489.432,11.4535464277502,0
489.434,6.5448836730001,-7.37984942807445
489.436,3.27244183650005,-9.22517304656889
489.438,6.5448836730001,-5.53524833253166
489.44,9.81732550950015,0
489.442,11.4535464277502,-5.53524833253166
489.444,4.90866275475009,-5.53524833253166
489.446,3.27244183650005,-5.53524833253166
489.448,11.4535464277502,-3.68992471403723
489.45,13.0897673460002,-7.37984942807445
489.452,9.81732550950015,-3.68992471403723
489.454,6.5448836730001,-3.68992471403723
489.456,9.81732550950015,-3.68992471403723
489.458,16.3628500837608,-3.68992471403723
489.46,9.81732550950015,-5.53524833253166
489.462,9.81732550950015,-5.53524833253166
489.464,17.9990710020108,0
489.466,16.3628500837608,-1.84532361849443
489.468,13.0897673460002,-11.0697741421117
489.47,13.0897673460002,-5.53524833253166
489.472,13.0897673460002,-1.84532361849443
489.474,13.0897673460002,-5.53524833253166
489.476,13.0897673460002,-11.0697741421117
489.478,11.4535464277502,-7.37984942807445
489.48,13.0897673460002,-1.84532361849443
489.482,13.0897673460002,-3.68992471403723
489.484,11.4535464277502,-11.0697741421117
489.486,11.4535464277502,-7.37984942807445
489.488,11.4535464277502,-3.68992471403723
489.49,11.4535464277502,-7.37984942807445
489.492,8.18110459125014,-12.9150977606061
489.494,11.4535464277502,-7.37984942807445
489.496,16.3628500837608,-3.68992471403723
489.498,11.4535464277502,-7.37984942807445
489.5,9.81732550950015,-7.37984942807445
489.502,17.9990710020108,-1.84532361849443
489.504,14.7266291655108,-7.37984942807445
489.506,11.4535464277502,-11.0697741421117
489.508,14.7266291655108,-7.37984942807445
489.51,21.2715128385109,-7.37984942807445
489.512,17.9990710020108,-12.9150977606061
489.514,17.9990710020108,-9.22517304656889
489.516,17.9990710020108,-7.37984942807445
489.518,22.9077337567609,-12.9150977606061
489.52,14.7266291655108,-16.6050224746433
489.522,17.9990710020108,-11.0697741421117
489.524,17.9990710020108,-11.0697741421117
489.526,22.9077337567609,-7.37984942807445
489.528,17.9990710020108,-9.22517304656889
489.53,14.7266291655108,-9.22517304656889
489.532,22.9077337567609,-5.53524833253166
489.534,22.9077337567609,-9.22517304656889
489.536,14.7266291655108,-14.7596988561489
489.538,17.9990710020108,-9.22517304656889
489.54,24.5439546750109,-7.37984942807445
489.542,19.6352919202609,-14.7596988561489
489.544,16.3628500837608,-16.6050224746433
489.546,21.2715128385109,-7.37984942807445
489.548,24.5439546750109,-7.37984942807445
489.55,21.2715128385109,-11.0697741421117
489.552,17.9990710020108,-16.6050224746433
489.554,17.9990710020108,-9.22517304656889
489.556,24.5439546750109,-9.22517304656889
489.558,24.5439546750109,-12.9150977606061
489.56,17.9990710020108,-16.6050224746433
489.562,17.9990710020108,-14.7596988561489
489.564,22.9077337567609,-12.9150977606061
489.566,24.5439546750109,-12.9150977606061
489.568,24.5439546750109,-11.0697741421117
489.57,19.6352919202609,-16.6050224746433
489.572,24.5439546750109,-11.0697741421117
489.574,27.816396511511,-5.53524833253166
489.576,24.5439546750109,-9.22517304656889
489.578,24.5439546750109,-12.9150977606061
489.58,26.180175593261,-9.22517304656889
489.582,26.180175593261,-3.68992471403723
489.584,31.088838348011,-1.84532361849443
489.586,24.5439546750109,-7.37984942807445
489.588,21.2715128385109,-5.53524833253166
489.59,24.5439546750109,-7.37984942807445
489.592,22.9077337567609,-5.53524833253166
489.594,27.816396511511,-7.37984942807445
489.596,24.5439546750109,-7.37984942807445
489.598,21.2715128385109,-14.7596988561489
489.6,24.5439546750109,-9.22517304656889
489.602,29.452617429761,-3.68992471403723
489.604,26.180175593261,-7.37984942807445
489.606,24.5439546750109,-11.0697741421117
489.608,21.2715128385109,-7.37984942807445
489.61,31.088838348011,-1.84532361849443
489.612,31.088838348011,-5.53524833253166
489.614,27.816396511511,-7.37984942807445
489.616,27.816396511511,-3.68992471403723
489.618,29.452617429761,0
489.62,26.180175593261,-1.84532361849443
489.622,21.2715128385109,-1.84532361849443
489.624,26.180175593261,1.84460109554279
489.626,29.452617429761,-3.68992471403723
489.628,24.5439546750109,-5.53524833253166
489.63,24.5439546750109,-5.53524833253166
489.632,32.7250592662611,-5.53524833253166
489.634,27.816396511511,-5.53524833253166
489.636,26.180175593261,-5.53524833253166
489.638,26.180175593261,-3.68992471403723
489.64,35.9981420040217,0
489.642,35.9981420040217,-5.53524833253166
489.644,32.7250592662611,-9.22517304656889
489.646,31.088838348011,-5.53524833253166
489.648,31.088838348011,-1.84532361849443
489.65,31.088838348011,-1.84532361849443
489.652,31.088838348011,-9.22517304656889
489.654,24.5439546750109,-11.0697741421117
489.656,27.816396511511,-3.68992471403723
489.658,26.180175593261,0
489.66,24.5439546750109,-7.37984942807445
489.662,22.9077337567609,-7.37984942807445
489.664,21.2715128385109,1.84460109554279
489.666,24.5439546750109,3.68992471403723
489.668,19.6352919202609,-7.37984942807445
489.67,14.7266291655108,-3.68992471403723
489.672,22.9077337567609,-5.53524833253166
489.674,22.9077337567609,-1.84532361849443
489.676,22.9077337567609,-5.53524833253166
489.678,17.9990710020108,-7.37984942807445
489.68,14.7266291655108,-11.0697741421117
489.682,19.6352919202609,-7.37984942807445
489.684,24.5439546750109,-3.68992471403723
489.686,24.5439546750109,-7.37984942807445
489.688,21.2715128385109,-5.53524833253166
489.69,17.9990710020108,-3.68992471403723
489.692,22.9077337567609,-3.68992471403723
489.694,22.9077337567609,0
489.696,27.816396511511,1.84460109554279
489.698,24.5439546750109,-1.84532361849443
489.7,22.9077337567609,-3.68992471403723
489.702,22.9077337567609,-1.84532361849443
489.704,22.9077337567609,1.84460109554279
489.706,22.9077337567609,-1.84532361849443
489.708,19.6352919202609,-3.68992471403723
489.71,19.6352919202609,-7.37984942807445
489.712,22.9077337567609,-5.53524833253166
489.714,27.816396511511,-7.37984942807445
489.716,22.9077337567609,-5.53524833253166
489.718,17.9990710020108,-11.0697741421117
489.72,22.9077337567609,-5.53524833253166
489.722,26.180175593261,-1.84532361849443
489.724,22.9077337567609,-5.53524833253166
489.726,17.9990710020108,-7.37984942807445
489.728,17.9990710020108,-1.84532361849443
489.73,26.180175593261,3.68992471403723
489.732,26.180175593261,0
489.734,19.6352919202609,1.84460109554279
489.736,21.2715128385109,1.84460109554279
489.738,27.816396511511,1.84460109554279
489.74,31.088838348011,5.53452580958002
489.742,27.816396511511,1.84460109554279
489.744,27.816396511511,-1.84532361849443
489.746,27.816396511511,3.68992471403723
489.748,26.180175593261,7.37984942807445
489.75,31.088838348011,7.37984942807445
489.752,29.452617429761,3.68992471403723
489.754,24.5439546750109,1.84460109554279
489.756,27.816396511511,3.68992471403723
489.758,31.088838348011,7.37984942807445
489.76,27.816396511511,3.68992471403723
489.762,24.5439546750109,0
489.764,24.5439546750109,-1.84532361849443
489.766,27.816396511511,9.22445052361724
489.768,32.7250592662611,5.53452580958002
489.77,29.452617429761,5.53452580958002
489.772,29.452617429761,0
489.774,31.088838348011,5.53452580958002
489.776,34.3612801845111,7.37984942807445
489.778,34.3612801845111,5.53452580958002
489.78,27.816396511511,3.68992471403723
489.782,26.180175593261,1.84460109554279
489.784,29.452617429761,5.53452580958002
489.786,29.452617429761,7.37984942807445
489.788,31.088838348011,3.68992471403723
489.79,31.088838348011,-1.84532361849443
489.792,29.452617429761,-1.84532361849443
489.794,26.180175593261,3.68992471403723
489.796,29.452617429761,7.37984942807445
489.798,34.3612801845111,7.37984942807445
489.8,31.088838348011,3.68992471403723
489.802,31.088838348011,0
489.804,29.452617429761,-1.84532361849443
489.806,32.7250592662611,3.68992471403723
489.808,35.9981420040217,7.37984942807445
489.81,32.7250592662611,5.53452580958002
489.812,29.452617429761,-1.84532361849443
489.814,31.088838348011,3.68992471403723
489.816,35.9981420040217,5.53452580958002
489.818,31.088838348011,0
489.82,26.180175593261,-3.68992471403723
489.822,29.452617429761,-1.84532361849443
489.824,32.7250592662611,-1.84532361849443
489.826,37.6343629222717,-1.84532361849443
489.828,34.3612801845111,-1.84532361849443
489.83,34.3612801845111,0
489.832,31.088838348011,-5.53524833253166
489.834,34.3612801845111,1.84460109554279
489.836,37.6343629222717,3.68992471403723
489.838,37.6343629222717,0
489.84,34.3612801845111,0
489.842,29.452617429761,-7.37984942807445
489.844,34.3612801845111,-1.84532361849443
489.846,37.6343629222717,1.84460109554279
489.848,39.2705838405217,-1.84532361849443
489.85,31.088838348011,-7.37984942807445
489.852,34.3612801845111,-3.68992471403723
489.854,35.9981420040217,0
489.856,37.6343629222717,-5.53524833253166
489.858,32.7250592662611,-9.22517304656889
489.86,31.088838348011,-11.0697741421117
489.862,35.9981420040217,0
489.864,40.9068047587718,0
489.866,35.9981420040217,-5.53524833253166
489.868,34.3612801845111,-5.53524833253166
489.87,35.9981420040217,3.68992471403723
489.872,40.9068047587718,5.53452580958002
489.874,35.9981420040217,0
489.876,32.7250592662611,-3.68992471403723
489.878,35.9981420040217,0
489.88,35.9981420040217,1.84460109554279
489.882,34.3612801845111,3.68992471403723
489.884,29.452617429761,-7.37984942807445
489.886,27.816396511511,-1.84532361849443
489.888,37.6343629222717,1.84460109554279
489.89,37.6343629222717,-3.68992471403723
489.892,32.7250592662611,-1.84532361849443
489.894,29.452617429761,-7.37984942807445
489.896,31.088838348011,-3.68992471403723
489.898,39.2705838405217,-3.68992471403723
489.9,39.2705838405217,1.84460109554279
489.902,35.9981420040217,-5.53524833253166
489.904,37.6343629222717,-9.22517304656889
489.906,34.3612801845111,-9.22517304656889
489.908,34.3612801845111,-5.53524833253166
489.91,44.1792465952718,-5.53524833253166
489.912,42.5430256770218,-5.53524833253166
489.914,39.2705838405217,-5.53524833253166
489.916,37.6343629222717,-5.53524833253166
489.918,40.9068047587718,-5.53524833253166
489.92,42.5430256770218,0
489.922,44.1792465952718,-5.53524833253166
489.924,39.2705838405217,-5.53524833253166
489.926,39.2705838405217,-5.53524833253166
489.928,44.1792465952718,-5.53524833253166
489.93,42.5430256770218,-1.84532361849443
489.932,47.4516884317719,0
489.934,47.4516884317719,-7.37984942807445
489.936,37.6343629222717,-7.37984942807445
489.938,37.6343629222717,-7.37984942807445
489.94,40.9068047587718,-7.37984942807445
489.942,40.9068047587718,-3.68992471403723
489.944,42.5430256770218,-5.53524833253166
489.946,42.5430256770218,-11.0697741421117
489.948,37.6343629222717,-9.22517304656889
489.95,40.9068047587718,-3.68992471403723
489.952,45.8154675135218,1.84460109554279
489.954,40.9068047587718,-1.84532361849443
489.956,40.9068047587718,-1.84532361849443
489.958,37.6343629222717,-5.53524833253166
489.96,40.9068047587718,5.53452580958002
489.962,44.1792465952718,5.53452580958002
489.964,44.1792465952718,0
489.966,37.6343629222717,0
489.968,37.6343629222717,0
489.97,40.9068047587718,0
489.972,44.1792465952718,1.84460109554279
489.974,42.5430256770218,-1.84532361849443
489.976,42.5430256770218,-7.37984942807445
489.978,42.5430256770218,-7.37984942807445
489.98,42.5430256770218,-5.53524833253166
489.982,47.4516884317719,0
489.984,42.5430256770218,-5.53524833253166
489.986,37.6343629222717,-3.68992471403723
489.988,37.6343629222717,-3.68992471403723
489.99,45.8154675135218,1.84460109554279
489.992,45.8154675135218,-1.84532361849443
489.994,35.9981420040217,-1.84532361849443
489.996,37.6343629222717,-7.37984942807445
489.998,42.5430256770218,0
490,45.8154675135218,1.84460109554279
490.002,47.4516884317719,1.84460109554279
490.004,44.1792465952718,-1.84532361849443
490.006,39.2705838405217,-3.68992471403723
490.008,44.1792465952718,-5.53524833253166
490.01,45.8154675135218,-5.53524833253166
490.012,47.4516884317719,-5.53524833253166
490.014,42.5430256770218,-5.53524833253166
490.016,47.4516884317719,-3.68992471403723
490.018,50.7241302682719,0
490.02,49.0879093500219,0
490.022,47.4516884317719,-3.68992471403723
490.024,42.5430256770218,-5.53524833253166
490.026,47.4516884317719,-5.53524833253166
490.028,47.4516884317719,0
490.03,50.7241302682719,3.68992471403723
490.032,45.8154675135218,0
490.034,45.8154675135218,-3.68992471403723
490.036,44.1792465952718,1.84460109554279
490.038,44.1792465952718,7.37984942807445
490.04,49.0879093500219,7.37984942807445
490.042,45.8154675135218,1.84460109554279
490.044,42.5430256770218,-1.84532361849443
490.046,42.5430256770218,3.68992471403723
490.048,50.7241302682719,0
490.05,50.7241302682719,1.84460109554279
490.052,47.4516884317719,-3.68992471403723
490.054,42.5430256770218,-1.84532361849443
490.056,47.4516884317719,3.68992471403723
490.058,50.7241302682719,9.22445052361724
490.06,50.7241302682719,3.68992471403723
490.062,47.4516884317719,3.68992471403723
490.064,44.1792465952718,0
490.066,44.1792465952718,3.68992471403723
490.068,50.7241302682719,5.53452580958002
490.07,53.996572104772,1.84460109554279
490.072,50.7241302682719,3.68992471403723
490.074,50.7241302682719,-1.84532361849443
490.076,53.996572104772,1.84460109554279
490.078,53.996572104772,0
490.08,57.2696548425326,1.84460109554279
490.082,55.632793023022,1.84460109554279
490.084,53.996572104772,1.84460109554279
490.086,50.7241302682719,-3.68992471403723
490.088,53.996572104772,0
490.09,53.996572104772,5.53452580958002
490.092,50.7241302682719,0
490.094,52.3603511865219,-1.84532361849443
490.096,50.7241302682719,1.84460109554279
490.098,50.7241302682719,7.37984942807445
490.1,50.7241302682719,3.68992471403723
490.102,50.7241302682719,0
490.104,50.7241302682719,5.53452580958002
490.106,50.7241302682719,9.22445052361724
490.108,50.7241302682719,5.53452580958002
490.11,50.7241302682719,1.84460109554279
490.112,45.8154675135218,0
490.114,49.0879093500219,7.37984942807445
490.116,52.3603511865219,9.22445052361724
490.118,50.7241302682719,5.53452580958002
490.12,50.7241302682719,0
490.122,45.8154675135218,5.53452580958002
490.124,47.4516884317719,7.37984942807445
490.126,53.996572104772,5.53452580958002
490.128,44.1792465952718,7.37984942807445
490.13,45.8154675135218,1.84460109554279
490.132,50.7241302682719,11.0697741421117
490.134,50.7241302682719,14.7596988561489
490.136,55.632793023022,14.7596988561489
490.138,52.3603511865219,9.22445052361724
490.14,49.0879093500219,5.53452580958002
490.142,53.996572104772,7.37984942807445
490.144,52.3603511865219,11.0697741421117
490.146,57.2696548425326,12.9143752376545
490.148,52.3603511865219,7.37984942807445
490.15,50.7241302682719,1.84460109554279
490.152,50.7241302682719,3.68992471403723
490.154,50.7241302682719,9.22445052361724
490.156,55.632793023022,9.22445052361724
490.158,53.996572104772,5.53452580958002
490.16,45.8154675135218,3.68992471403723
490.162,45.8154675135218,1.84460109554279
490.164,49.0879093500219,7.37984942807445
490.166,49.0879093500219,7.37984942807445
490.168,52.3603511865219,12.9143752376545
490.17,52.3603511865219,9.22445052361724
490.172,50.7241302682719,7.37984942807445
490.174,45.8154675135218,3.68992471403723
490.176,50.7241302682719,7.37984942807445
490.178,50.7241302682719,12.9143752376545
490.18,55.632793023022,14.7596988561489
490.182,52.3603511865219,5.53452580958002
490.184,49.0879093500219,3.68992471403723
490.186,52.3603511865219,11.0697741421117
490.188,53.996572104772,14.7596988561489
490.19,55.632793023022,9.22445052361724
490.192,50.7241302682719,3.68992471403723
490.194,50.7241302682719,3.68992471403723
490.196,53.996572104772,12.9143752376545
490.198,60.5420966790326,12.9143752376545
490.2,58.9058757607826,7.37984942807445
490.202,53.996572104772,7.37984942807445
490.204,50.7241302682719,7.37984942807445
490.206,53.996572104772,7.37984942807445
490.208,53.996572104772,11.0697741421117
490.21,57.2696548425326,5.53452580958002
490.212,55.632793023022,7.37984942807445
490.214,53.996572104772,0
490.216,50.7241302682719,0
490.218,53.996572104772,7.37984942807445
490.22,58.9058757607826,9.22445052361724
490.222,53.996572104772,-1.84532361849443
490.224,50.7241302682719,-1.84532361849443
490.226,55.632793023022,3.68992471403723
490.228,60.5420966790326,7.37984942807445
490.23,55.632793023022,3.68992471403723
490.232,52.3603511865219,0
490.234,52.3603511865219,3.68992471403723
490.236,57.2696548425326,9.22445052361724
490.238,57.2696548425326,5.53452580958002
